<?xml version="1.0" encoding="utf-8"?>
<edmx:Edmx Version="1.0" xmlns:edmx="http://schemas.microsoft.com/ado/2007/06/edmx" xmlns:m="http://schemas.microsoft.com/ado/2007/08/dataservices/metadata" xmlns:sap="http://www.sap.com/Protocols/SAPData">
    <edmx:DataServices m:DataServiceVersion="2.0">
        <Schema Namespace="ZDCMMGW_EKKO_SRV" xml:lang="en" sap:schema-version="1" xmlns="http://schemas.microsoft.com/ado/2008/09/edm">
            <EntityType Name="Ekko" sap:content-version="1">
                <Key>
                    <PropertyRef Name="Ponum"/>
                </Key>
                <Property Name="Ponum" Type="Edm.String" Nullable="false" MaxLength="10" sap:unicode="false" sap:label="구매 주문 번호" sap:creatable="false" sap:updatable="false" sap:sortable="false" sap:filterable="false"/>
                <Property Name="Matnr" Type="Edm.String" Nullable="false" MaxLength="4" sap:unicode="false" sap:label="자재 코드" sap:creatable="false" sap:updatable="false" sap:sortable="false" sap:filterable="false"/>
                <Property Name="Bukrs" Type="Edm.String" Nullable="false" MaxLength="4" sap:unicode="false" sap:label="공급업체 코드" sap:creatable="false" sap:updatable="false" sap:sortable="false" sap:filterable="false"/>
                <Property Name="Price" Type="Edm.String" Nullable="false" MaxLength="20" sap:unicode="false" sap:unit="Waers" sap:label="가격" sap:creatable="false" sap:updatable="false" sap:sortable="false" sap:filterable="false"/>
                <Property Name="Topri" Type="Edm.String" Nullable="false" MaxLength="20" sap:unicode="false" sap:unit="Waers" sap:label="총 가격" sap:creatable="false" sap:updatable="false" sap:sortable="false" sap:filterable="false"/>
                <Property Name="Waers" Type="Edm.String" Nullable="false" MaxLength="5" sap:unicode="false" sap:label="통화" sap:creatable="false" sap:updatable="false" sap:sortable="false" sap:filterable="false" sap:semantics="currency-code"/>
                <Property Name="Maea" Type="Edm.String" Nullable="false" MaxLength="20" sap:unicode="false" sap:unit="Meins" sap:label="수량" sap:creatable="false" sap:updatable="false" sap:sortable="false" sap:filterable="false"/>
                <Property Name="Meins" Type="Edm.String" Nullable="false" MaxLength="3" sap:unicode="false" sap:label="단위" sap:creatable="false" sap:updatable="false" sap:sortable="false" sap:filterable="false" sap:semantics="unit-of-measure"/>
                <Property Name="Podat" Type="Edm.String" Nullable="false" MaxLength="10" sap:unicode="false" sap:label="구매 주문 일자" sap:creatable="false" sap:updatable="false" sap:sortable="false" sap:filterable="false"/>
                <Property Name="Prdat" Type="Edm.String" Nullable="false" MaxLength="10" sap:unicode="false" sap:label="입고 요청 일자" sap:creatable="false" sap:updatable="false" sap:sortable="false" sap:filterable="false"/>
                <Property Name="Apprq" Type="Edm.String" Nullable="false" MaxLength="2" sap:unicode="false" sap:label="결재 요청" sap:creatable="false" sap:updatable="false" sap:sortable="false" sap:filterable="false"/>
                <Property Name="Sflag" Type="Edm.String" Nullable="false" MaxLength="2" sap:unicode="false" sap:label="상태 플래그" sap:creatable="false" sap:updatable="false" sap:sortable="false" sap:filterable="false"/>
                <Property Name="Appst" Type="Edm.String" Nullable="false" MaxLength="30" sap:unicode="false" sap:label="상태 Text" sap:creatable="false" sap:updatable="false" sap:sortable="false" sap:filterable="false"/>
            </EntityType>
            <EntityContainer Name="ZDCMMGW_EKKO_SRV_Entities" m:IsDefaultEntityContainer="true" sap:supported-formats="atom json xlsx">
                <EntitySet Name="EkkoSet" EntityType="ZDCMMGW_EKKO_SRV.Ekko" sap:creatable="false" sap:updatable="false" sap:deletable="false" sap:pageable="false" sap:addressable="false" sap:content-version="1"/>
            </EntityContainer>
            <atom:link rel="self" href="http://210.16.199.141:8001/sap/opu/odata/sap/ZDCMMGW_EKKO_SRV/$metadata" xmlns:atom="http://www.w3.org/2005/Atom"/>
            <atom:link rel="latest-version" href="http://210.16.199.141:8001/sap/opu/odata/sap/ZDCMMGW_EKKO_SRV/$metadata" xmlns:atom="http://www.w3.org/2005/Atom"/>
        </Schema>
    </edmx:DataServices>
</edmx:Edmx>